Name ,Id ,Number  of  calls ,Min  time ,Max  time ,Average  time
var_decl ,2 ,3 ,0.000001 ,0.000204 ,0.000068000000000
var_decl ,3 ,3 ,0.000002 ,0.000153 ,0.000051000000000
var_decl ,4 ,3 ,0.000006 ,0.000153 ,0.000051000000000
assignment ,5 ,3 ,0.000001 ,0.000021 ,0.000007000000000
assignment ,8 ,2 ,0.000000 ,0.000001 ,0.000000500000000
prop_setter ,10 ,1 ,0.000125 ,0.000125 ,0.000125000000000
assignment ,11 ,8001 ,0.000001 ,0.000058 ,0.000000007249094
array_decl ,12 ,8001 ,0.000001 ,0.000134 ,0.000000016747907
prop_setter ,13 ,4001 ,0.000014 ,0.000089 ,0.000000022244439
assignment ,14 ,8001 ,0.000001 ,0.000032 ,0.000000003999500
assignment ,15 ,4000 ,0.000013 ,0.000093 ,0.000000023250000
addition ,16 ,8000 ,0.000002 ,0.000090 ,0.000000011250000
assignment ,17 ,8002 ,0.000004 ,0.000070 ,0.000000008747813
prop_getter ,18 ,8000 ,0.000009 ,0.000150 ,0.000000018750000
prop_setter ,19 ,8001 ,0.000004 ,0.000062 ,0.000000007749031
assignment ,20 ,4001 ,0.000001 ,0.000084 ,0.000000020994751
prop_getter ,21 ,4001 ,0.000004 ,0.000041 ,0.000000010247438
assignment ,22 ,4001 ,0.000001 ,0.000063 ,0.000000015746063
assignment ,23 ,8000 ,0.000004 ,0.000069 ,0.000000008625000
prop_getter ,24 ,8000 ,0.000001 ,0.000064 ,0.000000008000000
assignment ,25 ,4000 ,0.000013 ,0.000163 ,0.000000040750000
call_n ,26 ,8000 ,0.000002 ,0.000050 ,0.000000006250000
assignment ,27 ,4000 ,0.000001 ,0.000025 ,0.000000006250000
var_decl ,28 ,20000 ,0.000001 ,0.000049 ,0.000000002450000
assignment ,29 ,12000 ,0.000001 ,0.000054 ,0.000000004500000
prop_getter ,30 ,20000 ,0.000005 ,0.000086 ,0.000000004300000
prop_getter ,31 ,12000 ,0.000003 ,0.000095 ,0.000000007916667
assignment ,32 ,20000 ,0.000006 ,0.000150 ,0.000000007500000
equal_value ,33 ,12000 ,0.000001 ,0.000083 ,0.000000006916667
is_false_jmp_down ,34 ,8002 ,0.000001 ,0.000091 ,0.000000011372157
assignment ,35 ,8002 ,0.000001 ,0.000186 ,0.000000023244189
prop_getter ,36 ,4002 ,0.000004 ,0.000043 ,0.000000010744628
assignment ,37 ,4002 ,0.000001 ,0.000063 ,0.000000015742129
prop_getter ,38 ,4000 ,0.000009 ,0.000060 ,0.000000015000000
assignment ,39 ,8000 ,0.000007 ,0.000082 ,0.000000010250000
prop_getter ,40 ,11998 ,0.000001 ,0.000050 ,0.000000004167361
assignment ,41 ,8000 ,0.000001 ,0.000031 ,0.000000003875000
prop_getter ,42 ,16000 ,0.000001 ,0.000063 ,0.000000003937500
prop_getter ,43 ,12000 ,0.000003 ,0.000078 ,0.000000006500000
assignment ,44 ,20000 ,0.000001 ,0.000037 ,0.000000001850000
this_binding ,45 ,8000 ,0.000000 ,0.000022 ,0.000000002750000
prop_getter ,46 ,24000 ,0.000001 ,0.000071 ,0.000000002958333
assignment ,48 ,20000 ,0.000001 ,0.000076 ,0.000000003800000
assignment ,49 ,4000 ,0.000020 ,0.000622 ,0.000000155500000
func_expr_n ,50 ,12001 ,0.000001 ,0.000117 ,0.000000009749188
prop_setter ,51 ,4001 ,0.000015 ,0.000083 ,0.000000020744814
assignment ,52 ,12001 ,0.000001 ,0.000042 ,0.000000003499708
this_binding ,53 ,4000 ,0.000001 ,0.000022 ,0.000000005500000
func_expr_n ,54 ,4001 ,0.000014 ,0.000133 ,0.000000033241690
prop_setter ,55 ,4001 ,0.000002 ,0.000136 ,0.000000033991502
assignment ,56 ,2 ,0.000001 ,0.000001 ,0.000000500000000
call_n ,57 ,4000 ,0.000002 ,0.000033 ,0.000000008250000
var_decl ,58 ,4002 ,0.000002 ,0.000103 ,0.000000025737131
var_decl ,59 ,4002 ,0.000002 ,0.000092 ,0.000000022988506
var_decl ,60 ,4002 ,0.000002 ,0.000089 ,0.000000022238881
var_decl ,61 ,4002 ,0.000000 ,0.000008 ,0.000000001999000
var_decl ,62 ,4002 ,0.000002 ,0.000087 ,0.000000021739130
assignment ,63 ,4002 ,0.000001 ,0.000033 ,0.000000008245877
assignment ,64 ,2 ,0.000001 ,0.000001 ,0.000000500000000
prop_getter ,65 ,4002 ,0.000002 ,0.000029 ,0.000000007246377
assignment ,66 ,4002 ,0.000001 ,0.000021 ,0.000000005247376
prop_getter ,67 ,4002 ,0.000002 ,0.000100 ,0.000000024987506
post_incr ,68 ,2 ,0.000002 ,0.000005 ,0.000002500000000
prop_setter ,69 ,2 ,0.000004 ,0.000004 ,0.000002000000000
addition ,70 ,2 ,0.000015 ,0.000018 ,0.000009000000000
assignment ,71 ,2 ,0.000002 ,0.000002 ,0.000001000000000
assignment ,72 ,2 ,0.000001 ,0.000001 ,0.000000500000000
prop_getter ,73 ,2 ,0.000003 ,0.000004 ,0.000002000000000
prop_setter ,74 ,2 ,0.000005 ,0.000006 ,0.000003000000000
assignment ,75 ,2 ,0.000002 ,0.000002 ,0.000001000000000
assignment ,76 ,2 ,0.000002 ,0.000002 ,0.000001000000000
addition ,77 ,4002 ,0.000001 ,0.000026 ,0.000000006496752
assignment ,78 ,4002 ,0.000001 ,0.000018 ,0.000000004497751
addition ,79 ,4002 ,0.000001 ,0.000045 ,0.000000011244378
assignment ,80 ,4002 ,0.000002 ,0.000048 ,0.000000011994003
assignment ,81 ,4002 ,0.000001 ,0.000128 ,0.000000031984008
assignment ,82 ,4002 ,0.000002 ,0.000123 ,0.000000030734633
assignment ,83 ,4002 ,0.000002 ,0.000087 ,0.000000021739130
assignment ,84 ,4002 ,0.000002 ,0.000046 ,0.000000011494253
assignment ,85 ,4002 ,0.000001 ,0.000051 ,0.000000012743628
assignment ,86 ,2 ,0.000002 ,0.000003 ,0.000001500000000
is_true_jmp_up ,87 ,22 ,0.000001 ,0.000001 ,0.000000045454545
assignment ,88 ,22 ,0.000002 ,0.000003 ,0.000000136363636
prop_getter ,89 ,4022 ,0.000020 ,0.000181 ,0.000000045002486
assignment ,90 ,4022 ,0.000001 ,0.000033 ,0.000000008204873
call_n ,92 ,8000 ,0.000000 ,0.000037 ,0.000000004625000
assignment ,94 ,8022 ,0.000000 ,0.000028 ,0.000000003490401
logical_not ,95 ,22 ,0.000002 ,0.000010 ,0.000000454545455
assignment ,96 ,8022 ,0.000000 ,0.000053 ,0.000000006606831
is_false_jmp_down ,97 ,22 ,0.000001 ,0.000001 ,0.000000045454545
assignment ,98 ,4022 ,0.000002 ,0.000153 ,0.000000038040776
assignment ,99 ,4022 ,0.000002 ,0.000100 ,0.000000024863252
equal_value ,100 ,4022 ,0.000001 ,0.000077 ,0.000000019144704
assignment ,101 ,4022 ,0.000001 ,0.000057 ,0.000000014172054
prop_getter ,102 ,4000 ,0.000009 ,0.000288 ,0.000000072000000
assignment ,103 ,4000 ,0.000007 ,0.000085 ,0.000000021250000
is_false_jmp_down ,105 ,22 ,0.000001 ,0.000009 ,0.000000409090909
assignment ,107 ,4000 ,0.000020 ,0.000137 ,0.000000034250000
prop_getter ,108 ,4000 ,0.000002 ,0.000073 ,0.000000018250000
call_n ,110 ,8000 ,0.000000 ,0.000051 ,0.000000006375000
assignment ,112 ,8000 ,0.000000 ,0.000031 ,0.000000003875000
assignment ,114 ,8000 ,0.000000 ,0.000077 ,0.000000009625000
addition ,116 ,4000 ,0.000015 ,0.000100 ,0.000000025000000
assignment ,117 ,4000 ,0.000015 ,0.000055 ,0.000000013750000
addition ,118 ,4000 ,0.000019 ,0.000083 ,0.000000020750000
this_binding ,119 ,4000 ,0.000001 ,0.000008 ,0.000000002000000
assignment ,120 ,4000 ,0.000020 ,0.000080 ,0.000000020000000
is_false_jmp_down ,121 ,4022 ,0.000002 ,0.000065 ,0.000000016161114
assignment ,122 ,22 ,0.000002 ,0.000003 ,0.000000136363636
prop_getter ,123 ,4022 ,0.000002 ,0.000049 ,0.000000012182994
assignment ,124 ,4022 ,0.000000 ,0.000029 ,0.000000007210343
less_than ,125 ,4000 ,0.000003 ,0.000030 ,0.000000007500000
addition ,128 ,22 ,0.000074 ,0.001605 ,0.000072954545455
assignment ,129 ,4022 ,0.000001 ,0.000021 ,0.000000005221283
jmp_down ,130 ,4024 ,0.000004 ,0.000104 ,0.000000025844930
assignment ,131 ,4024 ,0.000001 ,0.000027 ,0.000000006709742
assignment ,132 ,8024 ,0.000001 ,0.000327 ,0.000000040752742
prop_getter ,133 ,24 ,0.000024 ,0.000046 ,0.000001916666667
less_than ,134 ,25 ,0.000002 ,0.000007 ,0.000000280000000
is_true_jmp_up ,135 ,3 ,0.000001 ,0.000137 ,0.000045666666667
assignment ,136 ,2 ,0.000001 ,0.000001 ,0.000000500000000
prop_getter ,139 ,2 ,0.000057 ,0.000136 ,0.000068000000000
assignment ,140 ,2 ,0.000002 ,0.000002 ,0.000001000000000
meta ,143 ,2 ,0.000000 ,0.000000 ,0.000000000000000
assignment ,145 ,2 ,0.000002 ,0.000002 ,0.000001000000000
prop_getter ,146 ,2 ,0.000053 ,0.000135 ,0.000067500000000
assignment ,147 ,2 ,0.000000 ,0.000000 ,0.000000000000000
substraction ,148 ,4 ,0.000001 ,0.000002 ,0.000000500000000
assignment ,150 ,2 ,0.000003 ,0.000003 ,0.000001500000000
addition ,151 ,4 ,0.000000 ,0.000045 ,0.000011250000000
ret ,152 ,2 ,0.000001 ,0.000001 ,0.000000500000000
func_expr_n ,153 ,1 ,0.000011 ,0.000011 ,0.000011000000000
prop_setter ,154 ,1 ,0.000072 ,0.000072 ,0.000072000000000
assignment ,155 ,1 ,0.000003 ,0.000003 ,0.000003000000000
assignment ,161 ,22 ,0.000002 ,0.000007 ,0.000000318181818
equal_value_type ,162 ,22 ,0.000003 ,0.000011 ,0.000000500000000
is_true_jmp_down ,163 ,20 ,0.000001 ,0.000001 ,0.000000050000000
assignment ,164 ,20 ,0.000002 ,0.000006 ,0.000000300000000
equal_value_type ,165 ,20 ,0.000003 ,0.000004 ,0.000000200000000
is_true_jmp_down ,166 ,20 ,0.000000 ,0.000001 ,0.000000050000000
assignment ,167 ,20 ,0.000003 ,0.000003 ,0.000000150000000
equal_value_type ,168 ,20 ,0.000003 ,0.000004 ,0.000000200000000
is_true_jmp_down ,169 ,20 ,0.000001 ,0.000001 ,0.000000050000000
assignment ,170 ,20 ,0.000003 ,0.000007 ,0.000000350000000
equal_value_type ,171 ,20 ,0.000003 ,0.000013 ,0.000000650000000
is_true_jmp_down ,172 ,19 ,0.000001 ,0.000001 ,0.000000052631579
assignment ,173 ,19 ,0.000003 ,0.000008 ,0.000000421052632
equal_value_type ,174 ,19 ,0.000003 ,0.000004 ,0.000000210526316
is_true_jmp_down ,175 ,19 ,0.000001 ,0.000001 ,0.000000052631579
assignment ,176 ,19 ,0.000003 ,0.000004 ,0.000000210526316
equal_value_type ,177 ,19 ,0.000003 ,0.000004 ,0.000000210526316
is_true_jmp_down ,178 ,19 ,0.000000 ,0.000001 ,0.000000052631579
assignment ,179 ,19 ,0.000003 ,0.000007 ,0.000000368421053
equal_value_type ,180 ,19 ,0.000003 ,0.000004 ,0.000000210526316
is_true_jmp_down ,181 ,19 ,0.000001 ,0.000001 ,0.000000052631579
assignment ,182 ,19 ,0.000003 ,0.000007 ,0.000000368421053
equal_value_type ,183 ,19 ,0.000003 ,0.000004 ,0.000000210526316
is_true_jmp_down ,184 ,19 ,0.000001 ,0.000001 ,0.000000052631579
assignment ,185 ,19 ,0.000003 ,0.000004 ,0.000000210526316
equal_value_type ,186 ,19 ,0.000003 ,0.000015 ,0.000000789473684
is_true_jmp_down ,187 ,18 ,0.000001 ,0.000001 ,0.000000055555556
assignment ,188 ,18 ,0.000004 ,0.000008 ,0.000000444444444
equal_value_type ,189 ,18 ,0.000003 ,0.000004 ,0.000000222222222
is_true_jmp_down ,190 ,17 ,0.000000 ,0.000001 ,0.000000058823529
assignment ,191 ,17 ,0.000004 ,0.000009 ,0.000000529411765
equal_value_type ,192 ,17 ,0.000003 ,0.000015 ,0.000000882352941
is_true_jmp_down ,193 ,17 ,0.000001 ,0.000001 ,0.000000058823529
assignment ,194 ,17 ,0.000004 ,0.000005 ,0.000000294117647
equal_value_type ,195 ,17 ,0.000003 ,0.000004 ,0.000000235294118
is_true_jmp_down ,196 ,17 ,0.000000 ,0.000001 ,0.000000058823529
assignment ,197 ,17 ,0.000004 ,0.000010 ,0.000000588235294
equal_value_type ,198 ,17 ,0.000003 ,0.000004 ,0.000000235294118
is_true_jmp_down ,199 ,17 ,0.000001 ,0.000001 ,0.000000058823529
assignment ,200 ,17 ,0.000004 ,0.000010 ,0.000000588235294
equal_value_type ,201 ,17 ,0.000003 ,0.000005 ,0.000000294117647
is_true_jmp_down ,202 ,17 ,0.000001 ,0.000001 ,0.000000058823529
assignment ,203 ,17 ,0.000004 ,0.000011 ,0.000000647058824
equal_value_type ,204 ,17 ,0.000003 ,0.000017 ,0.000001000000000
is_true_jmp_down ,205 ,15 ,0.000001 ,0.000001 ,0.000000066666667
assignment ,206 ,15 ,0.000004 ,0.000009 ,0.000000600000000
equal_value_type ,207 ,15 ,0.000003 ,0.000004 ,0.000000266666667
is_true_jmp_down ,208 ,15 ,0.000001 ,0.000001 ,0.000000066666667
assignment ,209 ,15 ,0.000005 ,0.000010 ,0.000000666666667
equal_value_type ,210 ,15 ,0.000003 ,0.000004 ,0.000000266666667
is_true_jmp_down ,211 ,15 ,0.000000 ,0.000026 ,0.000001733333333
assignment ,212 ,15 ,0.000005 ,0.000006 ,0.000000400000000
equal_value_type ,213 ,15 ,0.000003 ,0.000018 ,0.000001200000000
is_true_jmp_down ,214 ,14 ,0.000001 ,0.000001 ,0.000000071428571
assignment ,215 ,14 ,0.000005 ,0.000011 ,0.000000785714286
equal_value_type ,216 ,14 ,0.000003 ,0.000004 ,0.000000285714286
is_true_jmp_down ,217 ,13 ,0.000001 ,0.000001 ,0.000000076923077
assignment ,218 ,13 ,0.000005 ,0.000010 ,0.000000769230769
equal_value_type ,219 ,13 ,0.000003 ,0.000004 ,0.000000307692308
is_true_jmp_down ,220 ,13 ,0.000000 ,0.000001 ,0.000000076923077
assignment ,221 ,13 ,0.000005 ,0.000010 ,0.000000769230769
equal_value_type ,222 ,13 ,0.000003 ,0.000004 ,0.000000307692308
is_true_jmp_down ,223 ,13 ,0.000000 ,0.000001 ,0.000000076923077
assignment ,224 ,13 ,0.000005 ,0.000024 ,0.000001846153846
equal_value_type ,225 ,13 ,0.000003 ,0.000004 ,0.000000307692308
is_true_jmp_down ,226 ,13 ,0.000000 ,0.000001 ,0.000000076923077
assignment ,227 ,13 ,0.000002 ,0.000007 ,0.000000538461538
equal_value_type ,228 ,13 ,0.000003 ,0.000004 ,0.000000307692308
is_true_jmp_down ,229 ,12 ,0.000000 ,0.000001 ,0.000000083333333
assignment ,230 ,12 ,0.000006 ,0.000010 ,0.000000833333333
equal_value_type ,231 ,12 ,0.000003 ,0.000022 ,0.000001833333333
is_true_jmp_down ,232 ,11 ,0.000001 ,0.000001 ,0.000000090909091
assignment ,233 ,11 ,0.000006 ,0.000034 ,0.000003090909091
equal_value_type ,234 ,11 ,0.000003 ,0.000004 ,0.000000363636364
is_true_jmp_down ,235 ,11 ,0.000001 ,0.000001 ,0.000000090909091
assignment ,236 ,11 ,0.000006 ,0.000011 ,0.000001000000000
equal_value_type ,237 ,11 ,0.000003 ,0.000004 ,0.000000363636364
is_true_jmp_down ,238 ,11 ,0.000001 ,0.000001 ,0.000000090909091
assignment ,239 ,11 ,0.000006 ,0.000011 ,0.000001000000000
equal_value_type ,240 ,11 ,0.000003 ,0.000004 ,0.000000363636364
is_true_jmp_down ,241 ,11 ,0.000001 ,0.000001 ,0.000000090909091
is_true_jmp_down ,242 ,2 ,0.000001 ,0.000001 ,0.000000500000000
assignment ,243 ,4 ,0.000001 ,0.000003 ,0.000000750000000
is_true_jmp_down ,248 ,1 ,0.000000 ,0.000000 ,0.000000000000000
assignment ,249 ,2 ,0.000001 ,0.000003 ,0.000001500000000
is_true_jmp_down ,258 ,1 ,0.000001 ,0.000001 ,0.000001000000000
assignment ,259 ,2 ,0.000001 ,0.000004 ,0.000002000000000
is_true_jmp_down ,260 ,1 ,0.000001 ,0.000001 ,0.000001000000000
assignment ,261 ,2 ,0.000001 ,0.000004 ,0.000002000000000
is_true_jmp_down ,270 ,2 ,0.000000 ,0.000001 ,0.000000500000000
assignment ,271 ,4 ,0.000001 ,0.000013 ,0.000003250000000
is_true_jmp_down ,276 ,1 ,0.000001 ,0.000001 ,0.000001000000000
assignment ,277 ,2 ,0.000000 ,0.000006 ,0.000003000000000
is_true_jmp_down ,278 ,1 ,0.000000 ,0.000000 ,0.000000000000000
assignment ,279 ,2 ,0.000001 ,0.000010 ,0.000005000000000
is_true_jmp_down ,286 ,1 ,0.000001 ,0.000001 ,0.000001000000000
assignment ,287 ,2 ,0.000001 ,0.000006 ,0.000003000000000
is_true_jmp_down ,288 ,1 ,0.000001 ,0.000001 ,0.000001000000000
assignment ,289 ,2 ,0.000001 ,0.000006 ,0.000003000000000
jmp_down ,296 ,11 ,0.000000 ,0.000001 ,0.000000090909091
assignment ,297 ,11 ,0.000002 ,0.000007 ,0.000000636363636
assignment ,298 ,11 ,0.000002 ,0.000003 ,0.000000272727273
prop_getter ,299 ,11 ,0.000006 ,0.000045 ,0.000004090909091
assignment ,300 ,11 ,0.000003 ,0.000004 ,0.000000363636364
addition ,304 ,11 ,0.000019 ,0.000020 ,0.000001818181818
assignment ,305 ,11 ,0.000002 ,0.000003 ,0.000000272727273
addition ,306 ,22 ,0.000000 ,0.000027 ,0.000001227272727
func_expr_n ,308 ,1 ,0.000013 ,0.000013 ,0.000013000000000
prop_setter ,309 ,1 ,0.000089 ,0.000089 ,0.000089000000000
assignment ,310 ,1 ,0.000006 ,0.000006 ,0.000006000000000
func_expr_n ,340 ,1 ,0.000018 ,0.000018 ,0.000018000000000
prop_setter ,341 ,1 ,0.000173 ,0.000173 ,0.000173000000000
assignment ,342 ,1 ,0.000007 ,0.000007 ,0.000007000000000
func_expr_n ,510 ,1 ,0.000012 ,0.000012 ,0.000012000000000
prop_setter ,511 ,1 ,0.000181 ,0.000181 ,0.000181000000000
assignment ,512 ,1 ,0.000008 ,0.000008 ,0.000008000000000
func_expr_n ,924 ,1 ,0.000020 ,0.000020 ,0.000020000000000
prop_setter ,925 ,1 ,0.000240 ,0.000240 ,0.000240000000000
assignment ,926 ,1 ,0.000004 ,0.000004 ,0.000004000000000
prop_getter ,927 ,1 ,0.000005 ,0.000005 ,0.000005000000000
assignment ,928 ,1 ,0.000013 ,0.000013 ,0.000013000000000
func_expr_n ,955 ,1 ,0.000009 ,0.000009 ,0.000009000000000
prop_setter ,956 ,1 ,0.000089 ,0.000089 ,0.000089000000000
assignment ,957 ,1 ,0.000001 ,0.000001 ,0.000001000000000
prop_getter ,958 ,1 ,0.000004 ,0.000004 ,0.000004000000000
assignment ,959 ,1 ,0.000013 ,0.000013 ,0.000013000000000
func_expr_n ,1020 ,1 ,0.000011 ,0.000011 ,0.000011000000000
prop_setter ,1021 ,1 ,0.000092 ,0.000092 ,0.000092000000000
assignment ,1022 ,1 ,0.000001 ,0.000001 ,0.000001000000000
prop_getter ,1023 ,1 ,0.000003 ,0.000003 ,0.000003000000000
assignment ,1024 ,1 ,0.000014 ,0.000014 ,0.000014000000000
func_expr_n ,1075 ,1 ,0.000011 ,0.000011 ,0.000011000000000
prop_setter ,1076 ,1 ,0.000141 ,0.000141 ,0.000141000000000
assignment ,1077 ,1 ,0.000001 ,0.000001 ,0.000001000000000
prop_getter ,1078 ,1 ,0.000003 ,0.000003 ,0.000003000000000
assignment ,1079 ,1 ,0.000014 ,0.000014 ,0.000014000000000
func_expr_n ,1146 ,1 ,0.000008 ,0.000008 ,0.000008000000000
prop_setter ,1147 ,1 ,0.000146 ,0.000146 ,0.000146000000000
assignment ,1148 ,1 ,0.000003 ,0.000003 ,0.000003000000000
prop_getter ,1149 ,1 ,0.000003 ,0.000003 ,0.000003000000000
assignment ,1150 ,1 ,0.000014 ,0.000014 ,0.000014000000000
func_expr_n ,1185 ,1 ,0.000008 ,0.000008 ,0.000008000000000
prop_setter ,1186 ,1 ,0.000142 ,0.000142 ,0.000142000000000
assignment ,1187 ,1 ,0.000001 ,0.000001 ,0.000001000000000
prop_getter ,1188 ,1 ,0.000003 ,0.000003 ,0.000003000000000
assignment ,1189 ,1 ,0.000015 ,0.000015 ,0.000015000000000
func_expr_n ,1222 ,1 ,0.000011 ,0.000011 ,0.000011000000000
prop_setter ,1223 ,1 ,0.000106 ,0.000106 ,0.000106000000000
assignment ,1224 ,1 ,0.000001 ,0.000001 ,0.000001000000000
prop_getter ,1225 ,1 ,0.000003 ,0.000003 ,0.000003000000000
assignment ,1226 ,1 ,0.000015 ,0.000015 ,0.000015000000000
func_expr_n ,1266 ,1 ,0.000009 ,0.000009 ,0.000009000000000
prop_setter ,1267 ,1 ,0.000157 ,0.000157 ,0.000157000000000
assignment ,1268 ,1 ,0.000003 ,0.000003 ,0.000003000000000
prop_getter ,1269 ,1 ,0.000003 ,0.000003 ,0.000003000000000
assignment ,1270 ,1 ,0.000015 ,0.000015 ,0.000015000000000
func_expr_n ,1299 ,1 ,0.000009 ,0.000009 ,0.000009000000000
prop_setter ,1300 ,1 ,0.000155 ,0.000155 ,0.000155000000000
assignment ,1301 ,1 ,0.000002 ,0.000002 ,0.000002000000000
prop_getter ,1302 ,1 ,0.000003 ,0.000003 ,0.000003000000000
assignment ,1303 ,1 ,0.000015 ,0.000015 ,0.000015000000000
func_expr_n ,1343 ,1 ,0.000011 ,0.000011 ,0.000011000000000
prop_setter ,1344 ,1 ,0.000102 ,0.000102 ,0.000102000000000
assignment ,1345 ,1 ,0.000002 ,0.000002 ,0.000002000000000
assignment ,1351 ,11 ,0.000012 ,0.000013 ,0.000001181818182
prop_getter ,1352 ,11 ,0.000022 ,0.000029 ,0.000002636363636
assignment ,1353 ,11 ,0.000016 ,0.000040 ,0.000003636363636
meta ,1356 ,11 ,0.000000 ,0.000000 ,0.000000000000000
assignment ,1358 ,22 ,0.000000 ,0.000016 ,0.000000727272727
retval ,1359 ,11 ,0.000000 ,0.000001 ,0.000000090909091
func_expr_n ,1361 ,1 ,0.000024 ,0.000024 ,0.000024000000000
prop_setter ,1362 ,1 ,0.000120 ,0.000120 ,0.000120000000000
assignment ,1363 ,1 ,0.000014 ,0.000014 ,0.000014000000000
var_decl ,1371 ,20000 ,0.000016 ,0.000087 ,0.000000004350000
assignment ,1374 ,20000 ,0.000016 ,0.000135 ,0.000000006750000
assignment ,1375 ,20000 ,0.000002 ,0.000081 ,0.000000004050000
assignment ,1376 ,20000 ,0.000001 ,0.000031 ,0.000000001550000
equal_value ,1377 ,20000 ,0.000001 ,0.000076 ,0.000000003800000
is_false_jmp_down ,1380 ,20000 ,0.000000 ,0.000036 ,0.000000001800000
jmp_down ,1384 ,20000 ,0.000000 ,0.000030 ,0.000000001500000
assignment ,1385 ,20000 ,0.000001 ,0.000079 ,0.000000003950000
prop_getter ,1386 ,20000 ,0.000018 ,0.000137 ,0.000000006850000
less_than ,1387 ,20000 ,0.000018 ,0.000210 ,0.000000010500000
is_true_jmp_up ,1388 ,40000 ,0.000001 ,0.000208 ,0.000000005200000
func_expr_n ,1390 ,1 ,0.000047 ,0.000047 ,0.000047000000000
prop_setter ,1391 ,1 ,0.000311 ,0.000311 ,0.000311000000000
assignment ,1392 ,1 ,0.000014 ,0.000014 ,0.000014000000000
meta ,1394 ,1 ,0.000001 ,0.000001 ,0.000001000000000
assignment ,1396 ,2 ,0.000000 ,0.000000 ,0.000000000000000
assignment ,1398 ,2 ,0.000000 ,0.000000 ,0.000000000000000
assignment ,1400 ,2 ,0.000000 ,0.000000 ,0.000000000000000
assignment ,1402 ,2 ,0.000000 ,0.000000 ,0.000000000000000
assignment ,1404 ,2 ,0.000001 ,0.000001 ,0.000000500000000
assignment ,1406 ,2 ,0.000000 ,0.000000 ,0.000000000000000
assignment ,1408 ,2 ,0.000000 ,0.000001 ,0.000000500000000
assignment ,1410 ,2 ,0.000001 ,0.000001 ,0.000000500000000
assignment ,1412 ,2 ,0.000000 ,0.000000 ,0.000000000000000
assignment ,1414 ,2 ,0.000001 ,0.000001 ,0.000000500000000
assignment ,1416 ,2 ,0.000000 ,0.000000 ,0.000000000000000
prop_setter ,1418 ,1 ,0.000327 ,0.000327 ,0.000327000000000
assignment ,1419 ,1 ,0.000011 ,0.000011 ,0.000011000000000
meta ,1421 ,1 ,0.000000 ,0.000000 ,0.000000000000000
assignment ,1423 ,2 ,0.000001 ,0.000017 ,0.000008500000000
assignment ,1425 ,2 ,0.000000 ,0.000016 ,0.000008000000000
assignment ,1427 ,2 ,0.000001 ,0.000017 ,0.000008500000000
assignment ,1429 ,2 ,0.000000 ,0.000016 ,0.000008000000000
assignment ,1431 ,2 ,0.000001 ,0.000017 ,0.000008500000000
assignment ,1433 ,2 ,0.000000 ,0.000017 ,0.000008500000000
assignment ,1435 ,2 ,0.000000 ,0.000016 ,0.000008000000000
assignment ,1437 ,2 ,0.000000 ,0.000016 ,0.000008000000000
assignment ,1439 ,2 ,0.000000 ,0.000017 ,0.000008500000000
assignment ,1441 ,2 ,0.000000 ,0.000017 ,0.000008500000000
assignment ,1443 ,2 ,0.000000 ,0.000017 ,0.000008500000000
prop_setter ,1445 ,1 ,0.000263 ,0.000263 ,0.000263000000000
assignment ,1446 ,1 ,0.000010 ,0.000010 ,0.000010000000000
meta ,1448 ,1 ,0.000001 ,0.000001 ,0.000001000000000
assignment ,1450 ,2 ,0.000000 ,0.000017 ,0.000008500000000
assignment ,1452 ,2 ,0.000000 ,0.000017 ,0.000008500000000
assignment ,1454 ,2 ,0.000000 ,0.000017 ,0.000008500000000
assignment ,1456 ,2 ,0.000000 ,0.000046 ,0.000023000000000
assignment ,1458 ,2 ,0.000000 ,0.000017 ,0.000008500000000
assignment ,1460 ,2 ,0.000000 ,0.000021 ,0.000010500000000
prop_setter ,1462 ,1 ,0.000242 ,0.000242 ,0.000242000000000
assignment ,1463 ,1 ,0.000018 ,0.000018 ,0.000018000000000
assignment ,1464 ,1 ,0.000000 ,0.000000 ,0.000000000000000
prop_setter ,1465 ,1 ,0.000394 ,0.000394 ,0.000394000000000
assignment ,1466 ,1 ,0.000018 ,0.000018 ,0.000018000000000
assignment ,1469 ,2 ,0.000000 ,0.000018 ,0.000009000000000
assignment ,1471 ,1 ,0.000000 ,0.000000 ,0.000000000000000
assignment ,1472 ,2 ,0.000001 ,0.000018 ,0.000009000000000
assignment ,1474 ,1 ,0.000001 ,0.000001 ,0.000001000000000
assignment ,1475 ,2 ,0.000000 ,0.000017 ,0.000008500000000
assignment ,1477 ,1 ,0.000001 ,0.000001 ,0.000001000000000
assignment ,1478 ,2 ,0.000000 ,0.000018 ,0.000009000000000
assignment ,1480 ,1 ,0.000000 ,0.000000 ,0.000000000000000
assignment ,1481 ,2 ,0.000000 ,0.000016 ,0.000008000000000
assignment ,1483 ,1 ,0.000000 ,0.000000 ,0.000000000000000
assignment ,1484 ,2 ,0.000001 ,0.000018 ,0.000009000000000
assignment ,1486 ,1 ,0.000001 ,0.000001 ,0.000001000000000
assignment ,1487 ,2 ,0.000000 ,0.000018 ,0.000009000000000
assignment ,1489 ,1 ,0.000001 ,0.000001 ,0.000001000000000
assignment ,1490 ,2 ,0.000000 ,0.000018 ,0.000009000000000
assignment ,1492 ,1 ,0.000001 ,0.000001 ,0.000001000000000
assignment ,1493 ,2 ,0.000001 ,0.000019 ,0.000009500000000
assignment ,1495 ,1 ,0.000001 ,0.000001 ,0.000001000000000
assignment ,1496 ,2 ,0.000001 ,0.000018 ,0.000009000000000
assignment ,1498 ,1 ,0.000001 ,0.000001 ,0.000001000000000
assignment ,1499 ,2 ,0.000001 ,0.000018 ,0.000009000000000
assignment ,1501 ,1 ,0.000000 ,0.000000 ,0.000000000000000
assignment ,1502 ,2 ,0.000000 ,0.000018 ,0.000009000000000
prop_setter ,1504 ,1 ,0.000404 ,0.000404 ,0.000404000000000
assignment ,1505 ,1 ,0.000019 ,0.000019 ,0.000019000000000
assignment ,1508 ,2 ,0.000000 ,0.000018 ,0.000009000000000
assignment ,1510 ,1 ,0.000019 ,0.000019 ,0.000019000000000
assignment ,1511 ,2 ,0.000001 ,0.000022 ,0.000011000000000
assignment ,1513 ,1 ,0.000019 ,0.000019 ,0.000019000000000
assignment ,1514 ,2 ,0.000001 ,0.000019 ,0.000009500000000
assignment ,1516 ,1 ,0.000019 ,0.000019 ,0.000019000000000
assignment ,1517 ,2 ,0.000000 ,0.000022 ,0.000011000000000
assignment ,1519 ,1 ,0.000019 ,0.000019 ,0.000019000000000
assignment ,1520 ,2 ,0.000000 ,0.000019 ,0.000009500000000
assignment ,1522 ,1 ,0.000019 ,0.000019 ,0.000019000000000
assignment ,1523 ,2 ,0.000000 ,0.000022 ,0.000011000000000
assignment ,1525 ,1 ,0.000019 ,0.000019 ,0.000019000000000
assignment ,1526 ,2 ,0.000000 ,0.000019 ,0.000009500000000
assignment ,1528 ,1 ,0.000020 ,0.000020 ,0.000020000000000
assignment ,1529 ,2 ,0.000001 ,0.000023 ,0.000011500000000
assignment ,1531 ,1 ,0.000019 ,0.000019 ,0.000019000000000
assignment ,1532 ,2 ,0.000000 ,0.000020 ,0.000010000000000
assignment ,1534 ,1 ,0.000020 ,0.000020 ,0.000020000000000
assignment ,1535 ,2 ,0.000001 ,0.000023 ,0.000011500000000
assignment ,1537 ,1 ,0.000021 ,0.000021 ,0.000021000000000
assignment ,1538 ,2 ,0.000000 ,0.000020 ,0.000010000000000
prop_setter ,1540 ,1 ,0.000416 ,0.000416 ,0.000416000000000
meta ,1542 ,1 ,0.000001 ,0.000001 ,0.000001000000000
assignment ,1544 ,1 ,0.000084 ,0.000084 ,0.000084000000000
assignment ,1545 ,1 ,0.000001 ,0.000001 ,0.000001000000000
assignment ,1546 ,1 ,0.000005 ,0.000005 ,0.000005000000000
is_true_jmp_up ,1547 ,4000 ,0.000001 ,0.000013 ,0.000000003250000
assignment ,1548 ,4000 ,0.000001 ,0.000023 ,0.000000005750000
prop_getter ,1549 ,4000 ,0.000023 ,0.000072 ,0.000000018000000
assignment ,1550 ,4000 ,0.000020 ,0.000086 ,0.000000021500000
meta ,1553 ,4000 ,0.000000 ,0.000001 ,0.000000000250000
assignment ,1555 ,4000 ,0.000044 ,0.000167 ,0.000000041750000
assignment ,1556 ,4000 ,0.000001 ,0.000044 ,0.000000011000000
prop_getter ,1557 ,4000 ,0.000084 ,0.000228 ,0.000000057000000
assignment ,1558 ,4000 ,0.000020 ,0.000085 ,0.000000021250000
meta ,1561 ,4000 ,0.000000 ,0.000003 ,0.000000000750000
assignment ,1563 ,4000 ,0.000044 ,0.000522 ,0.000000130500000
assignment ,1564 ,4000 ,0.000020 ,0.000284 ,0.000000071000000
prop_getter ,1565 ,4000 ,0.000083 ,0.000405 ,0.000000101250000
assignment ,1566 ,4000 ,0.000020 ,0.000157 ,0.000000039250000
prop_getter ,1570 ,4000 ,0.000023 ,0.000175 ,0.000000043750000
assignment ,1571 ,4000 ,0.000020 ,0.000105 ,0.000000026250000
call_n ,1573 ,4000 ,0.000002 ,0.000037 ,0.000000009250000
assignment ,1574 ,4000 ,0.000020 ,0.000094 ,0.000000023500000
addition ,1575 ,8000 ,0.000001 ,0.000031 ,0.000000003875000
jmp_down ,1577 ,4001 ,0.000001 ,0.000045 ,0.000000011247188
assignment ,1578 ,4001 ,0.000002 ,0.000055 ,0.000000013746563
assignment ,1579 ,4001 ,0.000020 ,0.000065 ,0.000000016245939
less_than ,1580 ,4001 ,0.000002 ,0.000081 ,0.000000020244939
is_true_jmp_up ,1581 ,2 ,0.000000 ,0.000001 ,0.000000500000000
